2021_01,04.03.2021,Caretta caretta,Plett
2021_02,23.03.2021,Dermochelys coriacea,Vleesbaai
2021_03,28.03.2021,Caretta caretta,Struisbaai
2021_04,29.03.2021,Caretta caretta,Stilbaai
2021_05,29.03.2021,Caretta caretta,Stilbaai
2021_06,03.04.2021,Caretta caretta,Struisbaai
2021_07,05.04.2021,Caretta caretta,Die Dam 
2021_08,06.04.2021,Caretta caretta,Witsand
2021_09,06.04.2021,Caretta caretta,Struisbaai
2021_10,06.04.2021,Caretta caretta,Struisbaai
2021_11,06.04.2021,Caretta caretta,Struisbaai
2021_12,06.04.2021,Caretta caretta,Struisbaai
2021_13,06.04.2021,Caretta caretta,Struisbaai
2021_14,06.04.2021,Caretta caretta,Struisbaai
2021_15,06.04.2021,Caretta caretta,Struisbaai
2021_16,06.04.2021,Caretta caretta,Struisbaai
2021_17,06.04.2021,Caretta caretta,Struisbaai
2021_18,06.04.2021,Caretta caretta,Struisbaai
2021_19,06.04.2021,Caretta caretta,Struisbaai
2021_20,06.04.2021,Caretta caretta,Witsand
2021_21,06.04.2021,Caretta caretta,Struisbaai
2021_22,06.04.2021,Caretta caretta,Struisbaai
2021_23,07.04.2021,Caretta caretta,Witsand
2021_24,07.04.2021,Caretta caretta,Witsand
2021_25,07.04.2021,Caretta caretta,Struisbaai
2021_26,11.04.2021,Caretta caretta,Witsand
2021_27,12.04.2021,Caretta caretta,Struisbaai
2021_28,12.04.2021,Caretta caretta,Struisbaai
2021_29,17.04.2021,Caretta caretta,Struisbaai
2021_30,17.04.2021,Caretta caretta,Struisbaai
2021_31,20.04.2021,Caretta caretta,Struisbaai
2021_32,20.04.2021,Caretta caretta,Struisbaai
2021_33,20.04.2021,Caretta caretta,Struisbaai
2021_34,20.04.2021,Caretta caretta,Struisbaai
2021_35,20.04.2021,Caretta caretta,Struisbaai
2021_36,20.04.2021,Caretta caretta,Struisbaai
2021_37,20.04.2021,Caretta caretta,Struisbaai
2021_38,20.04.2021,Caretta caretta,Struisbaai
2021_39,20.04.2021,Caretta caretta,Struisbaai
2021_40,20.04.2021,Caretta caretta,Struisbaai
2021_41,20.04.2021,Caretta caretta,Struisbaai
2021_42,20.04.2021,Caretta caretta,Struisbaai
2021_43,21.04.2021,Caretta caretta,Struisbaai
2021_44,21.04.2021,Caretta caretta,Struisbaai
2021_45,21.04.2021,Caretta caretta,Struisbaai
2021_46,22.04.2021,Caretta caretta,Struisbaai
2021_47,22.04.2021,Caretta caretta,Struisbaai
2021_48,22.04.2021,Caretta caretta,Struisbaai
2021_49,22.04.2021,Caretta caretta,Struisbaai
2021_50,23.04.2021,Caretta caretta,Struisbaai
2021_51,23.04.2021,Caretta caretta,Struisbaai
2021_52,23.04.2021,Caretta caretta,Struisbaai
2021_53,15.05.2021,Caretta caretta,Sandy Bay Llundudno
2021_54,16.05.2021,Caretta caretta,Scarborough
2021_55,21.05.2021,Dermochelys coriacea,Scarborough
2021_56,23.05.2021,Caretta caretta,Buffels Cape Point
2021_57,23.05.2021,Caretta caretta,Die Dam Gansbaai
2021_58,24.05.2021,Caretta caretta,Scarborough
2021_59,26.05.2021,Caretta caretta,Muizernburg
2021_60,06.06.2021,Caretta caretta,Struisbaai
2021_61,04.10.2021,Caretta caretta,Vleesbaai
2020_01,1.01.2020,Caretta caretta,Betty's Bay
2020_02,20.02.2020,Caretta caretta,Struisbaai
2020_03,25.02.2020,Caretta caretta,Witsand
2020_04,26.02.2020,Caretta caretta,Struisbaai
2020_05,,,
2020_06,1.03.2020,Dermochelys coriacea,Struisbaai
2020_07,1.03.2020,Caretta caretta,Vleesbaai
2020_08,1.3.2020,Caretta caretta,Vleesbaai
2020_09,1.3.2020,Caretta caretta,Arniston
2020_10,2.03.2020,Caretta caretta,Struisbaai
2020_11,3.03.2020,Caretta caretta,Struisbaai
2020_12,3.03.2020,Caretta caretta,Struisbaai
2020_13,3.03.2020,Caretta caretta,Struisbaai
2020_14,3.03.2020,Caretta caretta,Struisbaai
2020_15,4.03.2020,Caretta caretta,Struisbaai
2020_16,4.03.2020,Caretta caretta,Struisbaai
2020_17,,,
2020_18,5.03.2020,Caretta caretta,Struisbaai
2020_19,13.03.2020,Caretta caretta,Struisbaai
2020_20,13.03.2020,Caretta caretta,Struisbaai
2020_21,17.03.2020,Caretta caretta,Witsand
2020_22,18.03.2020,Caretta caretta,Struisbaai
2020_23,18.03.2020,Caretta caretta,Struisbaai
2020_24,18.03.2020,Caretta caretta,Struisbaai
2020_25,19.03.2020,Caretta caretta,Struisbaai
2020_26,20.03.2020,Caretta caretta,Sedgefield
2020_27,20.03.2020,Caretta caretta,Mosselbay
2020_28,23.03.2020,Caretta caretta,Sedgefield
2020_29,2.04.2020,Caretta caretta,Struisbaai
2020_30,12.04.2020,Caretta caretta,Struisbaai
2020_31,23.04.2020,Caretta caretta,Muizenberg
2020_32,1.07.2020,Caretta caretta,Hermanus
2020_33,13.08.2020,Caretta caretta,Knysna
2020_34,12.09.2020,Caretta caretta,Stillbaai
2019_01,01-Mar-19,Caretta caretta,Plettenberg Bay
2019_02,10-Mar-19,Caretta caretta,Muizenberg
-,10-Mar-19,Caretta caretta,Muizenberg
2019_04,12-Mar-19,Caretta caretta,Muizenberg
2019_05,13-Mar-19,Caretta caretta,Muizenberg
2019_06,13-Mar-19,Caretta caretta,Struisbaai
2019_07,16-Mar-19,Caretta caretta,Fish Hoek
2019_08,19-Mar-19,Caretta caretta,Witsands
2019_09,19-Mar-19,Dermochelys coriacea,Wilderness
-,19-Mar-19,Caretta caretta,Witsands
2019_11,26-Mar-19,Caretta caretta,Struisbaai
2019_12,26-Mar-19,Caretta caretta,Struisbaai
2019_13,01-Apr-19,Caretta caretta,Pearly Beach
2019_14,02-Apr-19,Caretta caretta,Hermanus
2019_15,02-Apr-19,Caretta caretta,Hermanus
2019_16,02-Apr-19,Caretta caretta,Hermanus
2019_17,02-Apr-19,Caretta caretta,Hermanus
2019_18,02-Apr-19,Caretta caretta,Hermanus
2019_19,02-Apr-19,Caretta caretta,Hermanus
2019_20,02-Apr-19,Caretta caretta,Hermanus
2019_21,02-Apr-19,Caretta caretta,Hermanus
2019_22,02-Apr-19,Caretta caretta,Hermanus
2019_23,02-Apr-19,Caretta caretta,Hermanus
-,02-Apr-19,Caretta caretta,Gaansbaai
-,02-Apr-19,Dermochelys coriacea,Gaansbaai
2019_26,03-Apr-19,Caretta caretta,Sedgefield
2019_27,03-Apr-19,Caretta caretta,Knysna
2019_28,03-Apr-19,Caretta caretta,Gaansbaai
2019_29,03-Apr-19,Caretta caretta,Hermanus
2019_30,03-Apr-19,Caretta caretta,Hermanus
2019_31,03-Apr-19,Caretta caretta,Hermanus
2019_32,04-Apr-19,Caretta caretta,Hermanus
2019_33,04-Apr-19,Caretta caretta,Stilbaai
2019_34,06-Apr-19,Caretta caretta,Hermanus
2019_35,12-Apr-19,Caretta caretta,Struisbaai
2019_36,21-Apr-19,Caretta caretta,Stilbaai
2019_37,23-Apr-19,Caretta caretta,Muizenberg
2019_38,23-Apr-19,Caretta caretta,Struisbaai
2019_39,23-Apr-19,Caretta caretta,Struisbaai
2019_40,25-Apr-19,Caretta caretta,Struisbaai
2019_41,25-Apr-19,Caretta caretta,Struisbaai
2019_42,25-Apr-19,Caretta caretta,Struisbaai
2019_43,25-Apr-19,Caretta caretta,Struisbaai
2019_44,25-Apr-19,Caretta caretta,Struisbaai
2019_45,25-Apr-19,Caretta caretta,Struisbaai
2019_46,25-Apr-19,Caretta caretta,Struisbaai
2019_47,25-Apr-19,Caretta caretta,Struisbaai
2019_48,25-Apr-19,Caretta caretta,Struisbaai
2019_49,25-Apr-19,Caretta caretta,Struisbaai
2019_50,25-Apr-19,Caretta caretta,Struisbaai
2019_51,25-Apr-19,Caretta caretta,Struisbaai
2019_52,25-Apr-19,Caretta caretta,Struisbaai
2019_53,25-Apr-19,Caretta caretta,Struisbaai
2019_54,25-Apr-19,Caretta caretta,Struisbaai
2019_55,25-Apr-19,Caretta caretta,Struisbaai
2019_56,25-Apr-19,Caretta caretta,Struisbaai
2019_57,25-Apr-19,Caretta caretta,Struisbaai
2019_58,25-Apr-19,Caretta caretta,Struisbaai
2019_59,25-Apr-19,Caretta caretta,Struisbaai
2019_60,25-Apr-19,Caretta caretta,Struisbaai
2019_61,25-Apr-19,Caretta caretta,Struisbaai
2019_62,25-Apr-19,Caretta caretta,Struisbaai
2019_63,25-Apr-19,Caretta caretta,Struisbaai
-,25-Apr-19,Caretta caretta,Struisbaai
-,25-Apr-19,Caretta caretta,Struisbaai
2019_66,25-Apr-19,Caretta caretta,Struisbaai
2019_67,25-Apr-19,Caretta caretta,Struisbaai
2019_68,25-Apr-19,Caretta caretta,Struisbaai
2019_69,25-Apr-19,Caretta caretta,Struisbaai
2019_70,25-Apr-19,Caretta caretta,Struisbaai
2019_71,25-Apr-19,Caretta caretta,Struisbaai
2019_72,25-Apr-19,Caretta caretta,Struisbaai
2019_73,25-Apr-19,Caretta caretta,Struisbaai
2019_74,25-Apr-19,Caretta caretta,Struisbaai
2019_75,25-Apr-19,Caretta caretta,Struisbaai
2019_76,25-Apr-19,Caretta caretta,Struisbaai
2019_77,25-Apr-19,Caretta caretta,Struisbaai
2019_78,25-Apr-19,Caretta caretta,Struisbaai
2019_79,25-Apr-19,Caretta caretta,Struisbaai
2019_80,25-Apr-19,Caretta caretta,Struisbaai
2019_81,25-Apr-19,Caretta caretta,Struisbaai
2019_82,25-Apr-19,Caretta caretta,Struisbaai
2019_83,25-Apr-19,Caretta caretta,Struisbaai
2019_84,25-Apr-19,Caretta caretta,Struisbaai
2019_85,25-Apr-19,Caretta caretta,Struisbaai
2019_86,25-Apr-19,Caretta caretta,Struisbaai
2019_87,25-Apr-19,Caretta caretta,Struisbaai
2019_88,25-Apr-19,Caretta caretta,Struisbaai
2019_89,25-Apr-19,Caretta caretta,Struisbaai
2019_90,25-Apr-19,Caretta caretta,Struisbaai
2019_91,25-Apr-19,Caretta caretta,Struisbaai
2019_92,25-Apr-19,Caretta caretta,Plettenberg Bay
2019_93,25-Apr-19,Caretta caretta,Plettenberg Bay
2019_94,25-Apr-19,Caretta caretta,Plettenberg Bay
2019_95,25-Apr-19,Caretta caretta,Plettenberg Bay
2019_96,25-Apr-19,Caretta caretta,Plettenberg Bay
2019_97,25-Apr-19,Caretta caretta,Plettenberg Bay
2019_98,26-Apr-19,Caretta caretta,Struisbaai
2019_99,26-Apr-19,Caretta caretta,Plettenberg Bay
2019_100,26-Apr-19,Caretta caretta,Plettenberg Bay
2019_101,26-Apr-19,Caretta caretta,Struisbaai
2019_102,26-Apr-19,Caretta caretta,Struisbaai
2019_103,26-Apr-19,Caretta caretta,Struisbaai
2019_104,26-Apr-19,Caretta caretta,Struisbaai
2019_105,26-Apr-19,Caretta caretta,Struisbaai
2019_106,26-Apr-19,Caretta caretta,Struisbaai
2019_107,26-Apr-19,Caretta caretta,Struisbaai
2019_108,26-Apr-19,Caretta caretta,Struisbaai
2019_109,26-Apr-19,Caretta caretta,Struisbaai
2019_110,26-Apr-19,Caretta caretta,Struisbaai
2019_111,26-Apr-19,Caretta caretta,Struisbaai
2019_112,26-Apr-19,Caretta caretta,Struisbaai
2019_113,26-Apr-19,Caretta caretta,Struisbaai
2019_114,26-Apr-19,Caretta caretta,Struisbaai
2019_115,27-Apr-19,Caretta caretta,Struisbaai
2019_116,27-Apr-19,Caretta caretta,Struisbaai
2019_117,27-Apr-19,Caretta caretta,Struisbaai
2019_118,28-Apr-19,Caretta caretta,Witsands
2019_119,28-Apr-19,Caretta caretta,Struisbaai
2019_120,28-Apr-19,Caretta caretta,Struisbaai
2019_121,29-Apr-19,Caretta caretta,Gordons Bay
2019_122,29-Apr-19,Caretta caretta,Struisbaai
2019_123,29-Apr-19,Caretta caretta,Struisbaai
2019_124,29-Apr-19,Caretta caretta,Struisbaai
2019_125,30-Apr-19,Caretta caretta,Sedgefield
2019_126,30-Apr-19,Caretta caretta,Sedgefield
2019_127,30-Apr-19,Caretta caretta,Struisbaai
2019_128,02-May-19,Caretta caretta,Mossel Bay
2019_129,03-May-19,Caretta caretta,Mossel Bay
2019_130,03-May-19,Caretta caretta,Mossel Bay
2019_131,03-May-19,Caretta caretta,Mossel Bay
2019_132,03-May-19,Caretta caretta,Mossel Bay
2019_133,03-May-19,Caretta caretta,Mossel Bay
2019_134,03-May-19,Caretta caretta,Mossel Bay
2019_135,03-May-19,Caretta caretta,Mossel Bay
2019_136,03-May-19,Caretta caretta,Mossel Bay
2019_137,03-May-19,Caretta caretta,Mossel Bay
2019_138,03-May-19,Caretta caretta,Mossel Bay
2019_139,03-May-19,Caretta caretta,Mossel Bay
2019_140,03-May-19,Caretta caretta,Mossel Bay
2019_141,03-May-19,Caretta caretta,Mossel Bay
2019_142,03-May-19,Caretta caretta,Mossel Bay
2019_143,03-May-19,Caretta caretta,Mossel Bay
2019_144,03-May-19,Caretta caretta,Mossel Bay
2019_145,03-May-19,Caretta caretta,Mossel Bay
2019_146,03-May-19,Caretta caretta,Mossel Bay
2019_147,03-May-19,Caretta caretta,Mossel Bay
2019_148,03-May-19,Caretta caretta,Mossel Bay
2019_149,03-May-19,Caretta caretta,Mossel Bay
2019_150,03-May-19,Caretta caretta,Mossel Bay
2019_151,03-May-19,Caretta caretta,Mossel Bay
2019_152,03-May-19,Caretta caretta,Mossel Bay
2019_153,03-May-19,Caretta caretta,Mossel Bay
2019_154,03-May-19,Caretta caretta,Mossel Bay
2019_155,03-May-19,Caretta caretta,Mossel Bay
2019_156,03-May-19,Caretta caretta,Mossel Bay
2019_157,04-May-19,Caretta caretta,Witsands
2019_158,05-May-19,Caretta caretta,Scarborough
2019_159,05-May-19,Caretta caretta,Mossel Bay
2019_160,06-May-19,Caretta caretta,Knysna
2019_161,06-May-19,Caretta caretta,Cape Agulhas
2019_162,07-May-19,Caretta caretta,Struisbaai
2019_163,07-May-19,Caretta caretta,Struisbaai
2019_164,07-May-19,Caretta caretta,Struisbaai
2019_165,07-May-19,Caretta caretta,Struisbaai
2019_166,07-May-19,Caretta caretta,Struisbaai
2019_167,07-May-19,Caretta caretta,Struisbaai
2019_168,07-May-19,Caretta caretta,Struisbaai
2019_169,07-May-19,Caretta caretta,Struisbaai
2019_170,07-May-19,Caretta caretta,Struisbaai
2019_171,07-May-19,Caretta caretta,Struisbaai
2019_172,07-May-19,Caretta caretta,Struisbaai
2019_173,07-May-19,Caretta caretta,Struisbaai
2019_174,07-May-19,Caretta caretta,Struisbaai
2019_175,08-May-19,Caretta caretta,Witsands
2019_176,08-May-19,Caretta caretta,Witsands
2019_177,08-May-19,Caretta caretta,Witsands
2019_178,08-May-19,Caretta caretta,Witsands
2019_179,08-May-19,Caretta caretta,Witsands
2019_180,08-May-19,Caretta caretta,Witsands
2019_181,08-May-19,Caretta caretta,Witsands
2019_182,08-May-19,Caretta caretta,Witsands
2019_183,08-May-19,Caretta caretta,Witsands
2019_184,08-May-19,Caretta caretta,Witsands
2019_185,08-May-19,Caretta caretta,Witsands
2019_186,08-May-19,Caretta caretta,Witsands
2019_187,09-May-19,Caretta caretta,Scarborough
2019_188,10-May-19,Caretta caretta,Witsands
2019_189,10-May-19,Caretta caretta,Witsands
2019_190,10-May-19,Caretta caretta,Witsands
2019_191,10-May-19,Caretta caretta,Witsands
2019_192,10-May-19,Caretta caretta,Witsands
2019_193,10-May-19,Caretta caretta,Witsands
2019_194,10-May-19,Caretta caretta,Witsands
2019_195,10-May-19,Caretta caretta,Struisbaai
2019_196,10-May-19,Caretta caretta,Arniston
2019_197,10-May-19,Caretta caretta,Cape Agulhas
2019_198,10-May-19,Caretta caretta,Witsands
2019_199,12-May-19,Caretta caretta,Arniston
2019_200,14-May-19,Caretta caretta,Tenikwa
2019_201,14-May-19,Caretta caretta,Sedgefield
2019_202,15-May-19,Caretta caretta,Struisbaai
2019_203,15-May-19,Caretta caretta,Struisbaai
2019_204,16-May-19,Caretta caretta,Clovelly
2019_205,16-May-19,Caretta caretta,Sedgefield
2019_206,16-May-19,Caretta caretta,Muizenberg
2019_207,16-May-19,Caretta caretta,Muizenberg
2019_208,17-May-19,Caretta caretta,Muizenberg
2019_209,17-May-19,Caretta caretta,Struisbaai
2019_210,17-May-19,Caretta caretta,Sedgefield
2019_211,18-May-19,Caretta caretta,Sedgefield
2019_212,19-May-19,Caretta caretta,Struisbaai
2019_213,21-May-19,Caretta caretta,Sedgefield
2019_214,27-May-19,Caretta caretta,Struisbaai
2019_215,29-May-19,Caretta caretta,Kommetjie
2019_216,30-May-19,Caretta caretta,Struisbaai
2019_217,31-May-19,Caretta caretta,Struisbaai
2019_218,03-Jun-19,Caretta caretta,Struisbaai
2019_219,06-Jun-19,Caretta caretta,Scarborough
2019_220,08-Jun-19,Caretta caretta,Scarborough
2019_221,11-Jun-19,Caretta caretta,Kommetjie
,23-Jun-19,Caretta caretta,Scarborough
2019_223,30-Jun-19,Caretta caretta,Kommetjie
2019_224,20-Jul-19,Caretta caretta,Hout Bay
2019_225,12-Aug-19,Caretta caretta,St Helena Bay
2019_226,11-Oct-19,Caretta caretta,Scarborough
TOA622,08-Mar-18,Caretta caretta,Mossel Bay
TOA623,08-Mar-18,Caretta caretta,Mossel Bay
TOA624,16-Mar-18,Caretta caretta,Witsands
TOA625,16-Mar-18,Caretta caretta,Gaansbaai
TOA626,16-Mar-18,Caretta caretta,Gaansbaai
TOA644,20-Mar-18,Caretta caretta,Strandfontein
TOA645,23-Mar-18,Caretta caretta,Strandfontein
TOA646,26-Mar-18,Caretta caretta,Struisbaai
TOA647,27-Mar-18,Caretta caretta,Tenikwa
TOA648,27-Mar-18,Caretta caretta,Tenikwa
TOA649,29-Mar-18,Caretta caretta,Gaansbaai
TOA650,02-Apr-18,Caretta caretta,Witsands
TOA662,06-Apr-18,Caretta caretta,Struisbaai
TOA663,06-Apr-18,Caretta caretta,Struisbaai
TOA665,08-Apr-18,Caretta caretta,Rooiels
TOA672,11-Apr-18,Caretta caretta,Kleinbaai
TOA673,13-Apr-18,Caretta caretta,Tenikwa
TOA674,13-Apr-18,Caretta caretta,Struisbaai
TOA675,13-Apr-18,Caretta caretta,Struisbaai
TOA676,13-Apr-18,Caretta caretta,Struisbaai
TOA677,13-Apr-18,Caretta caretta,St Francis
TOA681,19-Apr-18,Caretta caretta,Witsands
TOA684,24-Apr-18,Caretta caretta,Struisbaai
TOA685,24-Apr-18,Caretta caretta,Struisbaai
TOA686,24-Apr-18,Caretta caretta,Struisbaai
TOA687,24-Apr-18,Caretta caretta,Struisbaai
TOA688,24-Apr-18,Caretta caretta,Struisbaai
TOA689,04-May-18,Caretta caretta,Tenikwa
TOA691,06-May-18,Caretta caretta,Mossel Bay
,30-May-18,Caretta caretta,Gaansbaai
TOA719,01-Jun-18,Caretta caretta,Kommetjie
TOA720,03-Jun-18,Caretta caretta,Sandy Bay
TOA730,26-Jun-18,Caretta caretta,Kommetjie
TOA820,03-Sep-18,Caretta caretta,Table Bay
TOA887,19-Nov-18,Caretta caretta,Muizenberg
201836,16-Dec-18,Caretta caretta,Mossel Bay
201837,16-Dec-18,Caretta caretta,Mossel Bay
TOA 357,17-Mar-17,Caretta caretta,Plett
-,21-Mar-17,Caretta caretta,Struisbaai
TOA 358,21-Mar-17,Caretta caretta,Struisbaai
TOA 359,23-Mar-17,Caretta caretta,Witsands
TOA 360,12-Apr-17,Caretta caretta,Buffels Bay
TOA 361,12-Apr-17,Caretta caretta,Plett
TOA 362,15-Apr-17,Caretta caretta,Knysna
TOA 363,16-Apr-17,Caretta caretta,Struisbaai
TOA 364,16-Apr-17,Caretta caretta,Struisbaai
TOA 365,17-Apr-17,Caretta caretta,Cape Agulhas
TOA 366,17-Apr-17,Caretta caretta,Arniston
TOA 367,17-Apr-17,Caretta caretta,Wilderness
TOA 368,18-Apr-17,Caretta caretta,Blombos
TOA 369,18-Apr-17,Caretta caretta,Sedgefield
TOA 370,23-Apr-17,Caretta caretta,Mossel Bay
TOA 371,23-Apr-17,Dermochelys coriacea,Mossel Bay
TOA 372,25-Apr-17,Caretta caretta,Mossel Bay
TOA 373,30-Apr-17,Caretta caretta,Struisbaai
TOA 374,30-Apr-17,Caretta caretta,Struisbaai
TOA 375,30-Apr-17,Caretta caretta,Struisbaai
TOA 376,01-May-17,Caretta caretta,Mossel Bay
TOA 377,04-May-17,Caretta caretta,Plett
TOA 378,04-May-17,Caretta caretta,Knysna
TOA 379,04-May-17,Caretta caretta,Muizenberg
TOA 380,04-May-17,Caretta caretta,Muizenberg
TOA 381,16-May-17,Caretta caretta,Struisbaai
TOA 382,16-May-17,Caretta caretta,Struisbaai
TOA 383,16-May-17,Caretta caretta,Struisbaai
TOA 384,16-May-17,Caretta caretta,Struisbaai
TOA 385,05-Jun-17,Caretta caretta,Struisbaai
TOA 386,05-Jun-17,Caretta caretta,Struisbaai
TOA 387,09-Jun-17,Caretta caretta,Camps Bay
TOA 388,15-Jun-17,Caretta caretta,Milnerton
TOA 389,20-Jun-17,Caretta caretta,Struisbaai
TOA 400,08-Jul-17,Caretta caretta,Kommetjie
TOA498,26-Aug-17,Caretta caretta,Gaansbaai
,03-Sep-17,Caretta caretta,Fish Hoek
TOA511,11-Oct-17,Caretta caretta,Muizenberg
,21-May-16,Caretta caretta,Struisbaai
,21-May-16,Caretta caretta,Struisbaai
,25-May-16,Caretta caretta,Mossel Bay
,25-May-16,Caretta caretta,Mossel Bay
,25-May-16,Caretta caretta,Mossel Bay
,25-May-16,Caretta caretta,Mossel Bay
,25-May-16,Caretta caretta,Mossel Bay
,25-May-16,Caretta caretta,Mossel Bay
,12-Jun-16,Caretta caretta,Aghulas
,12-Jun-16,Caretta caretta,Gaansbaai
,12-Jun-16,Caretta caretta,Stillbaai
,07-Jul-16,Caretta caretta,Struisbaai
,20-Aug-16,Caretta caretta,Strandfontein
,06-Sep-16,Caretta caretta,Stillbaai
,11-Sep-16,Caretta caretta,Fish Hoek
,14-Sep-16,Caretta caretta,Unknown
,10-Nov-16,Caretta caretta,Muizenberg
,2015/03/13,Caretta caretta,Tenikwa
,2015/03/14,Caretta caretta,Muizenberg
,2015/03/20,Caretta caretta,Muizenberg
,2015/03/20,Caretta caretta,Struisbaai
,2015/03/25,Caretta caretta,Muizenberg
,2015/03/28,Caretta caretta,Arniston
,2015/03/30,Caretta caretta,Fish Hoek
,2015/04/05,Caretta caretta,Muizenberg
,2015/04/05,Caretta caretta,Glencairn
,2015/04/06,Caretta caretta,Simons Town
,2015/04/06,Caretta caretta,Muizenberg
,2015/04/06,Caretta caretta,Simons Town
,2015/04/07,Caretta caretta,Struisbaai
,2015/04/07,Caretta caretta,Muizenberg
,2015/04/07,Caretta caretta,Struisbaai
,2015/04/07,Caretta caretta,Struisbaai
,2015/04/07,Caretta caretta,Arniston
,2015/04/08,Caretta caretta,Muizenberg
,2015/04/08,Caretta caretta,Arniston
,2015/04/08,Caretta caretta,Arniston
,2015/04/09,Caretta caretta,Muizenberg
,2015/04/09,Caretta caretta,Arniston
,2015/04/09,Caretta caretta,Arniston
,2015/04/09,Caretta caretta,Arniston
,2015/04/09,Caretta caretta,Arniston
,2015/04/09,Caretta caretta,Arniston
,2015/04/09,Caretta caretta,Muizenberg
,2015/04/09,Caretta caretta,Arniston
,2015/04/09,Caretta caretta,Arniston
,2015/04/10,Caretta caretta,Struisbaai
,2015/04/10,Caretta caretta,Struisbaai
,2015/04/10,Caretta caretta,Struisbaai
,2015/04/10,Caretta caretta,Struisbaai
,2015/04/10,Caretta caretta,Struisbaai
,2015/04/10,Caretta caretta,Struisbaai
,2015/04/10,Caretta caretta,Struisbaai
,2015/04/10,Caretta caretta,Struisbaai
,2015/04/10,Caretta caretta,Struisbaai
,2015/04/10,Caretta caretta,Struisbaai
,2015/04/10,Caretta caretta,Struisbaai
,2015/04/10,Caretta caretta,Struisbaai
,2015/04/10,Caretta caretta,Struisbaai
,2015/04/10,Caretta caretta,Struisbaai
,2015/04/10,Caretta caretta,Struisbaai
,2015/04/10,Caretta caretta,Struisbaai
,2015/04/10,Caretta caretta,Struisbaai
,2015/04/10,Caretta caretta,Struisbaai
,2015/04/10,Caretta caretta,Struisbaai
,2015/04/10,Caretta caretta,Struisbaai
,2015/04/10,Caretta caretta,Struisbaai
,2015/04/10,Caretta caretta,Struisbaai
,2015/04/10,Caretta caretta,Struisbaai
,2015/04/10,Caretta caretta,Struisbaai
,2015/04/10,Caretta caretta,Struisbaai
,2015/04/10,Caretta caretta,Struisbaai
,2015/04/10,Caretta caretta,Struisbaai
,2015/04/10,Caretta caretta,Struisbaai
,2015/04/10,Caretta caretta,Struisbaai
,2015/04/10,Caretta caretta,Struisbaai
,2015/04/10,Caretta caretta,Struisbaai
,2015/04/10,Caretta caretta,Struisbaai
,2015/04/10,Caretta caretta,Struisbaai
,2015/04/10,Caretta caretta,Struisbaai
,2015/04/10,Caretta caretta,Struisbaai
,2015/04/10,Caretta caretta,Struisbaai
,2015/04/10,Caretta caretta,Struisbaai
,2015/04/10,Caretta caretta,Struisbaai
,2015/04/10,Caretta caretta,Struisbaai
,2015/04/10,Caretta caretta,Struisbaai
,2015/04/10,Caretta caretta,Struisbaai
,2015/04/10,Caretta caretta,Struisbaai
,2015/04/10,Caretta caretta,Tenikwa
,2015/04/10,Caretta caretta,Struisbaai
,2015/04/10,Caretta caretta,Struisbaai
,2015/04/10,Caretta caretta,Struisbaai
,2015/04/10,Caretta caretta,Struisbaai
,2015/04/10,Caretta caretta,Struisbaai
,2015/04/10,Caretta caretta,Struisbaai
,2015/04/10,Caretta caretta,Struisbaai
,2015/04/10,Caretta caretta,Struisbaai
,2015/04/10,Caretta caretta,Struisbaai
,2015/04/10,Caretta caretta,Struisbaai
,2015/04/10,Caretta caretta,Struisbaai
,2015/04/10,Caretta caretta,Struisbaai
,2015/04/10,Caretta caretta,Struisbaai
,2015/04/10,Caretta caretta,Struisbaai
,2015/04/10,Caretta caretta,Struisbaai
,2015/04/10,Caretta caretta,Struisbaai
,2015/04/10,Caretta caretta,Struisbaai
,2015/04/10,Caretta caretta,Struisbaai
,2015/04/10,Caretta caretta,Struisbaai
,2015/04/10,Caretta caretta,Struisbaai
,2015/04/10,Caretta caretta,Struisbaai
,2015/04/10,Caretta caretta,Struisbaai
,2015/04/10,Caretta caretta,Struisbaai
,2015/04/10,Caretta caretta,Arniston
,2015/04/10,Caretta caretta,Arniston
,2015/04/10,Caretta caretta,Arniston
,2015/04/10,Caretta caretta,Tenikwa
,2015/04/10,Caretta caretta,Tenikwa
,2015/04/10,Caretta caretta,Arniston
,2015/04/10,Caretta caretta,Muizenberg
,2015/04/10,Caretta caretta,Arniston
,2015/04/10,Caretta caretta,Struisbaai
,2015/04/10,Caretta caretta,Struisbaai
,2015/04/10,Caretta caretta,Struisbaai
,2015/04/11,Caretta caretta,Muizenberg
,2015/04/11,Caretta caretta,Muizenberg
,2015/04/13,Caretta caretta,Struisbaai
,2015/04/13,Caretta caretta,Arniston
,2015/04/15,Caretta caretta,Struisbaai
,2015/04/16,Caretta caretta,Muizenberg
,2015/04/16,Caretta caretta,Struisbaai
,2015/04/16,Caretta caretta,Struisbaai
,2015/04/16,Caretta caretta,Struisbaai
,2015/04/16,Caretta caretta,Struisbaai
,2015/04/16,Caretta caretta,Struisbaai
,2015/04/16,Caretta caretta,Struisbaai
,2015/04/16,Caretta caretta,Arniston
,2015/04/17,Caretta caretta,Hermanus
,2015/04/17,Caretta caretta,Struisbaai
,2015/04/17,Caretta caretta,Struisbaai
,2015/04/17,Caretta caretta,Struisbaai
,2015/04/17,Caretta caretta,Strandfontein
,2015/04/17,Caretta caretta,Struisbaai
,2015/04/17,Caretta caretta,Struisbaai
,2015/04/18,Caretta caretta,Muizenberg
,2015/04/18,Caretta caretta,Struisbaai
,2015/04/18,Caretta caretta,Muizenberg
,2015/04/18,Caretta caretta,Struisbaai
,2015/04/18,Caretta caretta,Fish Hoek
,2015/04/18,Caretta caretta,Stilbaai
,2015/04/19,Caretta caretta,Muizenberg
,2015/04/20,Caretta caretta,Gaansbaai
,2015/04/20,Caretta caretta,Gaansbaai
,2015/04/20,Caretta caretta,Gaansbaai
,2015/04/21,Caretta caretta,Smitswinkel
,2015/04/22,Caretta caretta,Struisbaai
,2015/04/22,Caretta caretta,Struisbaai
,2015/04/22,Caretta caretta,Struisbaai
,2015/04/22,Caretta caretta,Struisbaai
,2015/04/22,Caretta caretta,Struisbaai
,2015/04/22,Caretta caretta,Struisbaai
,2015/04/22,Caretta caretta,Struisbaai
,2015/04/22,Caretta caretta,Struisbaai
,2015/04/22,Caretta caretta,Struisbaai
,2015/04/22,Caretta caretta,Struisbaai
,2015/04/22,Caretta caretta,Struisbaai
,2015/04/22,Caretta caretta,Struisbaai
,2015/04/22,Caretta caretta,Struisbaai
,2015/04/22,Caretta caretta,Struisbaai
,2015/04/22,Caretta caretta,Struisbaai
,2015/04/22,Caretta caretta,Struisbaai
,2015/04/22,Caretta caretta,Struisbaai
,2015/04/22,Caretta caretta,Struisbaai
,2015/04/22,Caretta caretta,Struisbaai
,2015/04/22,Caretta caretta,Strandfontein
,2015/04/22,Caretta caretta,Struisbaai
,2015/04/22,Caretta caretta,Struisbaai
,2015/04/22,Caretta caretta,Struisbaai
,2015/04/22,Caretta caretta,Struisbaai
,2015/04/22,Caretta caretta,Struisbaai
,2015/04/22,Caretta caretta,Struisbaai
,2015/04/22,Caretta caretta,Struisbaai
,2015/04/22,Caretta caretta,Struisbaai
,2015/04/22,Caretta caretta,Struisbaai
,2015/04/22,Caretta caretta,Struisbaai
,2015/04/22,Caretta caretta,Struisbaai
,2015/04/22,Caretta caretta,Struisbaai
,2015/04/22,Caretta caretta,Struisbaai
,2015/04/22,Caretta caretta,Struisbaai
,2015/04/22,Caretta caretta,Struisbaai
,2015/04/22,Caretta caretta,Muizenberg
,2015/04/22,Caretta caretta,Muizenberg
,2015/04/22,Caretta caretta,Muizenberg
,2015/04/23,Caretta caretta,Struisbaai
,2015/04/23,Caretta caretta,Muizenberg
,2015/04/23,Caretta caretta,Struisbaai
,2015/04/23,Caretta caretta,Struisbaai
,2015/04/23,Caretta caretta,Struisbaai
,2015/04/24,Caretta caretta,Struisbaai
,2015/04/24,Caretta caretta,Strandfontein
,2015/04/24,Caretta caretta,Strandfontein
,2015/04/25,Caretta caretta,Struisbaai
,2015/04/25,Caretta caretta,Muizenberg
,2015/04/25,Caretta caretta,Fish Hoek
,2015/04/25,Caretta caretta,Gordans Bay
,2015/04/26,Caretta caretta,Struisbaai
,2015/04/27,Caretta caretta,Strandfontein
,2015/04/28,Caretta caretta,Struisbaai
,2015/04/30,Caretta caretta,Struisbaai
,2015/04/30,Caretta caretta,Struisbaai
,2015/04/30,Caretta caretta,Struisbaai
,2015/05/01,Caretta caretta,Hermanus
,2015/05/06,Caretta caretta,Kleinmond
,2015/05/06,Caretta caretta,Grotto Beach
,2015/05/06,Caretta caretta,Tenikwa
,2015/05/08,Caretta caretta,Glencairn
,2015/05/08,Caretta caretta,Struisbaai
,2015/05/08,Caretta caretta,Glencairn
,2015/05/09,Caretta caretta,Buffels Bay
,2015/05/09,Caretta caretta,Muizenberg
,2015/05/09,Caretta caretta,Gaansbaai
,2015/05/10,Caretta caretta,Grotto Beach
,2015/05/10,Caretta caretta,Struisbaai
,2015/05/10,Caretta caretta,
,2015/05/12,Caretta caretta,Muizenberg
,2015/05/12,Caretta caretta,Muizenberg
,2015/05/14,Caretta caretta,Tenikwa PLETT
,2015/05/31,Caretta caretta,Blouberg
,2015/05/31,Caretta caretta,Mouille Point
,2015/06/06,Caretta caretta,Wilderness
,2015/06/12,Caretta caretta,Tenikwa
,2015/06/20,Caretta caretta,Kommetjie
,2015/07/22,Caretta caretta,Tenikwa
,2015/10/17,Caretta caretta,Struisbaai
,2015/10/17,Caretta caretta,Struisbaai
